Label,Feature,Mean,StdDev
0,QBER,0.080703,0.044860
0,LossRate,0.104082,0.054623
0,ErrorVariance,0.072177,0.036576
0,BurstErrorFrequency,0.007129,0.012482
0,InterceptRatio,0.000000,0.000000
0,ChannelMuCh,0.032252,0.015882
1,QBER,0.233643,0.065302
1,LossRate,0.103679,0.055251
1,ErrorVariance,0.174789,0.034688
1,BurstErrorFrequency,0.056275,0.038773
1,InterceptRatio,0.724761,0.160337
1,ChannelMuCh,0.032067,0.015844
