Label,Feature,Mean,StdDev
0,QBER,0.000000,0.000000
0,BasisMatchRate,0.500195,0.045754
0,KeyLength,64.025000,5.856567
1,QBER,0.252789,0.054614
1,BasisMatchRate,0.497539,0.043309
1,KeyLength,63.685000,5.543535
