Feature,QBER,LossRate,ErrorVariance,BurstErrorFrequency,ChannelMuCh
QBER,1.000000,0.250534,0.989723,0.837237,0.128970
LossRate,0.250534,1.000000,0.268813,0.175805,-0.001143
ErrorVariance,0.989723,0.268813,1.000000,0.793292,0.138806
BurstErrorFrequency,0.837237,0.175805,0.793292,1.000000,0.081706
ChannelMuCh,0.128970,-0.001143,0.138806,0.081706,1.000000
