Feature,QBER,LossRate,ErrorVariance,BurstErrorFrequency,InterceptRatio,ChannelMuCh
QBER,1.000000,0.217467,0.989249,0.852272,0.845861,0.123937
LossRate,0.217467,1.000000,0.236712,0.142233,-0.007496,0.017153
ErrorVariance,0.989249,0.236712,1.000000,0.805932,0.844964,0.134545
BurstErrorFrequency,0.852272,0.142233,0.805932,1.000000,0.706542,0.085217
InterceptRatio,0.845861,-0.007496,0.844964,0.706542,1.000000,-0.003939
ChannelMuCh,0.123937,0.017153,0.134545,0.085217,-0.003939,1.000000
